id,name,dob
1,Latoya Mcdonald,1965-03-10
2,Vanessa King,2005-08-24
3,Scott Bailey,1975-08-19
4,Patrick Haynes,1975-01-06
5,Heather Romero,1998-01-18
6,Emily Lewis,1979-12-03
7,Matthew Smith,1970-11-27
8,Rebecca Ruiz,1984-07-02
9,Alexander Ayala,1988-04-25
10,Christy Martinez,1972-01-20
11,Mitchell Jones,1982-12-18
12,Ashley Horn,1999-04-11
13,Paul Combs,1964-12-28
14,Brian Rodriguez,2000-01-16
15,Jerry Hoffman,1994-09-28
16,Mr. Jonathan Torres Jr.,1966-03-20
17,Michele Steele,1976-07-13
18,Jason Johnson,1972-03-09
19,Ronald Melendez,1985-06-29
20,Nancy George,2006-06-08
21,Kim Parker,1995-07-22
22,Brian Garcia,2006-05-13
23,Mary Merritt,1975-03-02
24,Calvin Martin,1970-04-03
25,Jeffrey Rose,1996-07-16
26,Sharon Carey,2003-08-04
27,Lance Williams,1996-07-16
28,Melissa Hunt,1967-02-09
29,Michael Diaz,2002-05-08
30,Dr. Megan Tucker,1965-04-29
31,Emily Cortez,2005-06-01
32,Mary Cowan,1981-01-03
33,James Mack,2006-07-16
34,Jennifer Stephenson,1969-02-15
35,Justin Love,1968-07-22
36,Raymond Stone,1966-05-11
37,Adam Jenkins,2006-12-09
38,Michael Hill,2006-07-14
39,Elizabeth Klein,1970-07-22
40,Cheryl Davis,1981-05-07
41,Andrew Reid,1971-11-07
42,Brent Torres,1964-11-07
43,Richard Faulkner,1996-08-01
44,Richard Matthews,1999-12-22
45,Eric Glover,1966-11-10
46,Courtney Rodriguez,2004-05-10
47,Andrew Brown,1978-07-10
48,Timothy Mayo,1993-10-11
49,Aaron Mcintosh,1988-02-01
50,Gregory Donaldson,1988-12-07
51,Tracy Schultz,1975-06-23
52,Stephen Villanueva,1974-09-29
53,Michael Baker,1985-05-01
54,Adam Hill,2000-06-11
55,Joseph Hall,1969-11-15
56,Jesus Sanford,1984-01-01
57,Amy Scott,1965-06-17
58,Morgan Collins,1989-11-20
59,Wendy Giles DDS,1980-10-06
60,Jeremiah Hopkins,1989-07-14
61,Cassandra Williams,1996-11-01
62,Juan Hood,1966-04-01
63,Devin Garcia,1984-05-30
64,Elizabeth Rodriguez,1983-09-28
65,Brian Wagner,2003-08-07
66,Samantha Sanchez,1999-06-03
67,Stephen Hill,1981-07-18
68,Maria Stevenson,1990-01-04
69,Jill Schroeder,1994-02-15
70,Reginald Phillips,1964-07-13
71,Susan Ramirez,1997-05-31
72,Courtney Smith,1998-03-06
73,Omar Bennett,1999-04-25
74,Earl Watkins,2004-09-09
75,Lisa White,1985-02-18
76,Casey Evans,1972-12-08
77,Bryan Hood,1977-03-16
78,Annette Jones,1967-04-20
79,Robert King,1975-07-02
80,Andrew Nguyen Jr.,1992-10-25
81,Donna Reid,1999-10-20
82,Kevin James,1978-03-09
83,Mark Downs,1993-10-16
84,Jason Mcgee,1977-06-03
85,Jake Morris,1965-12-29
86,Heather Baldwin,1987-07-01
87,Hannah Gray,2004-12-07
88,Michelle Rios,1977-06-05
89,Steven Tucker,1975-08-13
90,Carlos Martinez,1993-01-17
91,Phillip Reed,1994-12-02
92,Cody Thompson,2004-02-09
93,Jessica Mcgee DDS,1987-02-01
94,Patricia Moore,1983-12-26
95,Frederick Alvarez,1981-09-17
96,Ryan Jackson,1964-05-26
97,Cody Kirby,1984-12-31
98,Sharon Mejia,1971-02-28
99,Chad Morrison,1969-06-04
100,Ryan Walters,1978-05-16
